{
  "average_frame_build_time_millis": 0.398,
  "90th_percentile_frame_build_time_millis": 0.917,
  "99th_percentile_frame_build_time_millis": 4.449,
  "worst_frame_build_time_millis": 12.533,
  "missed_frame_build_budget_count": 0,
  "average_frame_rasterizer_time_millis": 2.266,
  "90th_percentile_frame_rasterizer_time_millis": 1.335,
  "99th_percentile_frame_rasterizer_time_millis": 6.608,
  "worst_frame_rasterizer_time_millis": 587.145,
  "average_layer_cache_count": 0.08488612836438923,
  "90th_percentile_layer_cache_count": 0,
  "99th_percentile_layer_cache_count": 2,
  "worst_layer_cache_count": 2,
  "average_layer_cache_memory": 0.06332340595885093,
  "90th_percentile_layer_cache_memory": 0.0,
  "99th_percentile_layer_cache_memory": 1.4761962890625,
  "worst_layer_cache_memory": 1.54083251953125,
  "average_picture_cache_count": 0.11801242236024845,
  "90th_percentile_picture_cache_count": 1,
  "99th_percentile_picture_cache_count": 1,
  "worst_picture_cache_count": 2,
  "average_picture_cache_memory": 0.8156858013777012,
  "90th_percentile_picture_cache_memory": 5.033226013183594,
  "99th_percentile_picture_cache_memory": 8.310127258300781,
  "worst_picture_cache_memory": 9.1749267578125,
  "missed_frame_rasterizer_budget_count": 4,
  "frame_count": 483,
  "frame_build_times": [
    184,
    262,
    229,
    128,
    82,
    1597,
    479,
    12533,
    98,
    62,
    83,
    128,
    68,
    75,
    63,
    60,
    4449,
    5538,
    11671,
    1903,
    932,
    917,
    1042,
    127,
    68,
    104,
    93,
    59,
    48,
    63,
    65,
    67,
    103,
    69,
    57,
    59,
    66,
    70,
    47,
    588,
    325,
    123,
    124,
    126,
    109,
    135,
    125,
    110,
    110,
    127,
    168,
    98,
    115,
    103,
    143,
    103,
    104,
    113,
    118,
    157,
    156,
    161,
    161,
    158,
    163,
    187,
    160,
    160,
    159,
    194,
    186,
    194,
    160,
    154,
    153,
    149,
    157,
    161,
    160,
    172,
    160,
    178,
    179,
    171,
    161,
    172,
    178,
    136,
    155,
    153,
    155,
    153,
    169,
    174,
    185,
    159,
    175,
    488,
    134,
    569,
    110,
    102,
    84,
    106,
    108,
    107,
    129,
    110,
    108,
    107,
    108,
    105,
    109,
    106,
    108,
    105,
    123,
    112,
    115,
    109,
    112,
    123,
    105,
    121,
    85,
    2305,
    1784,
    1315,
    1470,
    1154,
    1255,
    1459,
    980,
    1018,
    941,
    1128,
    1213,
    978,
    928,
    1056,
    904,
    917,
    1128,
    136,
    193,
    164,
    178,
    178,
    200,
    158,
    160,
    175,
    163,
    163,
    167,
    64,
    144,
    177,
    180,
    171,
    236,
    200,
    94,
    207,
    208,
    212,
    243,
    208,
    214,
    215,
    209,
    217,
    99,
    205,
    237,
    216,
    218,
    214,
    207,
    252,
    221,
    199,
    136,
    103,
    223,
    221,
    219,
    206,
    218,
    230,
    240,
    105,
    206,
    212,
    213,
    200,
    201,
    248,
    202,
    216,
    218,
    221,
    219,
    230,
    220,
    209,
    201,
    208,
    215,
    231,
    200,
    218,
    222,
    211,
    203,
    229,
    214,
    205,
    217,
    227,
    98,
    139,
    216,
    234,
    235,
    212,
    206,
    252,
    221,
    216,
    201,
    206,
    232,
    212,
    205,
    214,
    220,
    206,
    215,
    113,
    251,
    137,
    235,
    200,
    200,
    5595,
    4720,
    1557,
    1168,
    1098,
    918,
    1140,
    1095,
    844,
    1934,
    1098,
    1082,
    874,
    1183,
    1060,
    792,
    853,
    871,
    1216,
    471,
    477,
    587,
    468,
    477,
    407,
    482,
    437,
    476,
    408,
    475,
    313,
    483,
    3600,
    204,
    170,
    193,
    165,
    166,
    181,
    173,
    172,
    60,
    58,
    190,
    184,
    175,
    181,
    179,
    65,
    182,
    167,
    165,
    168,
    73,
    61,
    64,
    158,
    142,
    163,
    160,
    62,
    164,
    175,
    164,
    135,
    63,
    210,
    219,
    90,
    218,
    211,
    197,
    213,
    208,
    218,
    218,
    212,
    215,
    216,
    210,
    224,
    216,
    216,
    206,
    203,
    208,
    206,
    197,
    201,
    127,
    223,
    217,
    139,
    209,
    86,
    217,
    216,
    196,
    206,
    212,
    216,
    213,
    198,
    219,
    226,
    229,
    202,
    217,
    216,
    220,
    220,
    203,
    215,
    219,
    218,
    202,
    224,
    196,
    221,
    216,
    203,
    1732,
    2272,
    1253,
    698,
    696,
    703,
    917,
    888,
    1095,
    739,
    664,
    732,
    719,
    732,
    729,
    892,
    923,
    921,
    1178,
    195,
    204,
    182,
    66,
    181,
    176,
    162,
    171,
    99,
    224,
    217,
    199,
    205,
    221,
    269,
    192,
    212,
    208,
    205,
    228,
    211,
    160,
    179,
    161,
    157,
    208,
    280,
    135,
    205,
    216,
    139,
    205,
    234,
    218,
    211,
    215,
    205,
    125,
    219,
    213,
    202,
    213,
    205,
    202,
    206,
    227,
    215,
    205,
    101,
    192,
    207,
    215,
    215,
    207,
    212,
    365,
    225,
    108,
    210,
    226,
    245,
    218,
    194,
    258,
    220,
    218,
    106,
    222,
    227,
    145,
    203,
    211,
    81,
    205,
    243,
    219,
    208,
    230,
    202,
    217,
    203,
    208,
    233,
    221,
    226,
    226,
    251,
    208,
    214,
    215,
    207,
    205,
    224,
    214,
    215,
    205,
    214,
    235
  ],