{
  "average_frame_build_time_millis": 0.596,
  "90th_percentile_frame_build_time_millis": 1.328,
  "99th_percentile_frame_build_time_millis": 6.381,
  "worst_frame_build_time_millis": 16.879,
  "missed_frame_build_budget_count": 1,
  "average_frame_rasterizer_time_millis": 2.714,
  "90th_percentile_frame_rasterizer_time_millis": 5.381,
  "99th_percentile_frame_rasterizer_time_millis": 14.316,
  "worst_frame_rasterizer_time_millis": 111.047,
  "average_layer_cache_count": 0.1606425702811245,
  "90th_percentile_layer_cache_count": 0,
  "99th_percentile_layer_cache_count": 3,
  "worst_layer_cache_count": 4,
  "average_layer_cache_memory": 0.3521751189327623,
  "90th_percentile_layer_cache_memory": 0.0,
  "99th_percentile_layer_cache_memory": 9.391708374023438,
  "worst_layer_cache_memory": 17.541778564453125,
  "average_picture_cache_count": 0.39959839357429716,
  "90th_percentile_picture_cache_count": 1,
  "99th_percentile_picture_cache_count": 1,
  "worst_picture_cache_count": 2,
  "average_picture_cache_memory": 0.40877176001368754,
  "90th_percentile_picture_cache_memory": 0.9286880493164062,
  "99th_percentile_picture_cache_memory": 1.5189208984375,
  "worst_picture_cache_memory": 7.695686340332031,
  "missed_frame_rasterizer_budget_count": 5,
  "frame_count": 498,
  "frame_build_times": [
    156,
    1395,
    561,
    499,
    525,
    578,
    499,
    718,
    550,
    817,
    734,
    847,
    543,
    540,
    545,
    16879,
    134,
    5800,
    5050,
    2972,
    1761,
    1548,
    4435,
    2779,
    1374,
    1419,
    1383,
    1381,
    1433,
    1968,
    1833,
    1608,
    2009,
    1638,
    10639,
    1458,
    155,
    146,
    147,
    158,
    155,
    140,
    162,
    160,
    155,
    213,
    139,
    154,
    163,
    151,
    163,
    159,
    123,
    146,
    157,
    407,
    787,
    256,
    684,
    266,
    185,
    239,
    273,
    247,
    246,
    249,
    245,
    249,
    247,
    221,
    276,
    634,
    260,
    268,
    295,
    246,
    247,
    249,
    330,
    270,
    243,
    250,
    269,
    250,
    244,
    242,
    243,
    260,
    241,
    236,
    235,
    237,
    242,
    242,
    248,
    320,
    237,
    246,
    248,
    252,
    239,
    248,
    246,
    248,
    266,
    265,
    249,
    244,
    235,
    242,
    236,
    243,
    243,
    227,
    237,
    633,
    186,
    656,
    143,
    154,
    179,
    148,
    155,
    154,
    144,
    145,
    160,
    159,
    161,
    133,
    158,
    196,
    208,
    145,
    161,
    161,
    150,
    139,
    3198,
    1945,
    1016,
    1019,
    837,
    957,
    1011,
    1009,
    996,
    989,
    768,
    943,
    976,
    959,
    1004,
    1009,
    979,
    1023,
    988,
    1430,
    153,
    154,
    154,
    159,
    160,
    165,
    160,
    153,
    162,
    164,
    155,
    153,
    208,
    167,
    164,
    170,
    164,
    163,
    164,
    160,
    158,
    165,
    166,
    192,
    181,
    173,
    165,
    156,
    158,
    155,
    152,
    162,
    156,
    172,
    163,
    169,
    165,
    192,
    151,
    155,
    169,
    164,
    268,
    165,
    166,
    182,
    166,
    156,
    156,
    183,
    160,
    163,
    163,
    160,
    193,
    167,
    157,
    154,
    116,
    160,
    157,
    168,
    180,
    151,
    155,
    150,
    166,
    163,
    167,
    163,
    163,
    164,
    156,
    154,
    151,
    165,
    164,
    166,
    170,
    186,
    159,
    199,
    228,
    243,
    327,
    246,
    244,
    250,
    318,
    250,
    297,
    229,
    300,
    228,
    377,
    303,
    232,
    307,
    322,
    267,
    234,
    279,
    11452,
    7130,
    2305,
    1877,
    2186,
    1869,
    2311,
    1830,
    1824,
    1853,
    6381,
    1426,
    1915,
    2138,
    1861,
    1806,
    1724,
    1751,
    2828,
    1020,
    12225,
    186,
    291,
    291,
    228,
    279,
    466,
    346,
    283,
    298,
    301,
    240,
    232,
    356,
    229,
    222,
    258,
    223,
    252,
    238,
    285,
    233,
    223,
    395,
    287,
    297,
    228,
    242,
    240,
    265,
    280,
    220,
    289,
    283,
    287,
    254,
    273,
    261,
    281,
    306,
    287,
    290,
    283,
    289,
    229,
    218,
    253,
    270,
    214,
    272,
    279,
    150,
    203,
    263,
    194,
    256,
    271,
    249,
    329,
    212,
    271,
    212,
    257,
    218,
    297,
    259,
    267,
    237,
    270,
    241,
    263,
    247,
    256,
    263,
    129,
    251,
    271,
    277,
    257,
    281,
    267,
    315,
    208,
    263,
    217,
    268,
    204,
    252,
    242,
    324,
    276,
    278,
    241,
    216,
    232,
    294,
    248,
    216,
    285,
    249,
    254,
    3236,
    2627,
    1467,
    1224,
    1403,
    1328,
    1084,
    1228,
    1133,
    1246,
    1199,
    1304,
    1214,
    1110,
    1497,
    1296,
    1179,
    1275,
    1096,
    2256,
    274,
    221,
    229,
    285,
    281,
    274,
    254,
    274,
    279,
    300,
    315,
    280,
    280,
    274,
    266,
    243,
    264,
    224,
    320,
    348,
    265,
    246,
    277,
    272,
    259,
    204,
    254,
    270,
    321,
    262,
    231,
    280,
    273,
    312,
    276,
    472,
    357,
    288,
    272,
    273,
    286,
    307,
    268,
    299,
    210,
    279,
    236,
    313,
    244,
    279,
    285,
    282,
    232,
    312,
    245,
    273,
    277,
    274,
    286,
    284,
    271,
    270,
    255,
    225,
    276,
    292,
    278,
    264,
    393,
    263,
    260,
    257,
    278,
    286,
    218,
    272,
    272,
    312,
    254,
    286,
    236,
    285,
    233,
    235,
    246,
    250,
    322,
    249,
    319,
    326,
    307,
    236,
    238,
    245,
    327,
    307,
    247
  ],